term,counts
covid 19 vaccine,37120
covid 19 cases,14426
covid 19 pandemic,13960
covid 19 vaccines,11980
covid 19 vaccination,8431
pfizer covid 19,7448
new covid 19,7221
casos covid 19,4971
covid 19 di,4941
covid 19 deaths,4378
covid 19 booster,4218
positive covid 19,3971
vacunación covid 19,3728
pandemi covid 19,3579
due covid 19,3449
covid19 coronavirus covid_19,3361
data covid19 coronavirus,3299
analytics data covid19,3297
datascience analytics data,3297
updated covid insights,3296
vacuna covid 19,3220
data scientists usafacts,3213
covid insights data,3213
insights data scientists,3213
get covid 19,3191
últimas 24 horas,2973
children ages 11,2926
19 vaccine children,2908
sosialisasiedukasiprokescipta kamtibmas kondusif,2869
vaksinasi covid 19,2867
da covid 19,2720
cases covid 19,2665
от covid 19,2639
vaccinated covid 19,2483
19 vaccine mandate,2389
pandemia covid 19,2330
covid 19 vaccinations,2321
vaksin covid 19,2305
covid 19 patients,2286
covid 19 test,2265
kasus covid 19,2060
covid 19 dan,2053
vacunas covid 19,2045
covid 19 protocols,2043
dose covid 19,1965
2021 10 26,1898
covid 19 testing,1887
covid 19 update,1873
contagios covid 19,1864
covid 19 infection,1804
died covid 19,1796
covid 19 outbreak,1757
covid 19 case,1743
19 vaccine kids,1736
vacina covid 19,1709
2021 10 22,1700
datavisualization datascience analytics,1691
covid 19 infections,1690
usafacts datavisualization datascience,1690
covid 19 via,1646
covid 19 restrictions,1635
coronavirus covid 19,1632
scientists usafacts datavisualization,1630
tested positive covid,1625
penyebaran covid 19,1623
10 26 updated,1613
26 updated covid,1613
usafacts dataanalysis datascience,1606
dataanalysis datascience analytics,1606
22 updated covid,1589
10 22 updated,1589
scientists usafacts dataanalysis,1583
health care workers,1552
niños 11 años,1547
covid 19 shot,1547
nuevos casos covid,1504
covid 19 yang,1486
contre covid 19,1479
impact covid 19,1465
covid 19 virus,1464
last 24 hours,1452
muertes covid 19,1451
biontech covid 19,1436
pfizer biontech covid,1364
spread covid 19,1359
19 vaccine safe,1359
19 booster shots,1348
new cases covid,1333
19 vaccine mandates,1323
covid 19 em,1303
19 di indonesia,1272
vaccine children ages,1270
doses covid 19,1261
per 1k population,1247
fda authorizes pfizer,1244
ciptakondusifpandemiedukasi upayakan pencegahan,1218
1k population county,1210
19 dan dolayı,1181
getting covid 19,1177
11 year olds,1156
covid 19 response,1134
masa pandemi covid,1125
covid 19 niños,1116
770 sözleşmeli personel,1115
virus covid 19,1112
confirmed covid cases,1105
tests positive covid,1104
vacinação covid 19,1104
alinmayan 770 sözleşmeli,1104
limengyan covid19 yanlimeng,1101
闫丽梦 郭文贵 班农,1101
班农 limengyan covid19,1097
郭文贵 班农 limengyan,1083
take covid 19,1078
covid 19 travel,1075
drlimengyan1 闫丽梦 郭文贵,1064
vacinas covid 19,1061
penanganan covid 19,1058
di masa pandemi,1049
covid19 respetar normas,1044
children aged 11,1040
vacunarte covid19 respetar,1040
respetar normas bioseguridad,1039
positivos covid 19,1037
daily covid 19,1027
johnson amp johnson,1022
19 vaccine doses,1018
vaccine safe effective,1010
covid19 yanlimeng 亚裔歧视,976
new covid19 cases,973
bannon drlimengyan1 闫丽梦,968
19 booster shot,965
moderna covid 19,959
refugeesneedhelp helpchinstate oct24coup,956
helpchinstate oct24coup whatshappeninginmyanmar,955
yilinda covid 19,944
2020 yilinda covid,944
alimi yil bi,944
sözleşmeli personel alimi,944
yil bi tmeden,944
dolayı alinmayan 770,944
personel alimi yil,944
dan dolayı alinmayan,944
tc_icisleri 2020 yilinda,944
vaccine children 11,942
coronavirus covid19 2019ncov,940
yanlimeng 亚裔歧视 ethnicity,937
covid 19 tests,930
19 vaccine booster,928
casos positivos covid,928
die covid 19,925
food drug administration,923
coronavirus coronavirusupdate covid19,910
covid 19 death,908
authorizes pfizer covid,907
adhere covid 19,904
gmt coronavirus coronavirusupdate,899
coronavirusupdate covid19 coronaviruspandemic,899
tmeden alinmasini bekli,896
bi tmeden alinmasini,896
covid 19 amp,892
12 17 años,889
du covid 19,879
tercera dosis vacuna,870
kabinesi tc_icisleri 2020,869
restrictions significant interference,849
interference personal freedom,849
freedom history country,849
personal freedom history,849
significant interference personal,849
severe covid 19,848
vaccine covid 19,834
latest covid 19,830
nuevos casos coronavirus,830
covid 19 sosialisasiedukasiprokescipta,829
19 sosialisasiedukasiprokescipta kamtibmas,828
positivo covid 19,828
first covid 19,828
alinmasini bekli yoruz,817
covid 19 data,813
covid 19 related,810
early covid 19,806
亚裔歧视 ethnicity ccp,805
covid 19 shots,804
says covid 19,804
new coronavirus cases,802
risk covid 19,793
positif covid 19,786
covid 19 situation,785
dosis vacuna covid,782
update covid 19,780
covid 19 updates,775
amp covid 19,774
amid covid 19,774
coronavirus restrictions significant,773
covid 19 crisis,772
ed sheeran tests,771
helpmyanmaridps oct28coup whatshappeninginmyanmar,771
covid 19 relief,770
covid 19 delta,766
normas bioseguridad sabemos,765
bioseguridad sabemos hacerlo,764
coronavirus covid19 covid_19,763
sabemos hacerlo cuidémonos,762
covid 19 mark,756
19 mark beast,753
elementary school children,750
since start pandemic,748
sheeran tests positive,747
直近１週間は感染は確認されていません 詳しい情報はこちら covid19,745
pengendalian covid 19,742
described boris johnson,740
free covid 19,740
whatshappeninginmyanmar myanmarcovidsos oct25coup,738
refugees unicef asean,738
freezepaymentstojunta refugees unicef,737
myanmarcovidsos oct25coup freezepaymentstojunta,737
oct25coup freezepaymentstojunta refugees,737
negative covid 19,736
kids ages 11,736
covid 19 current,736
low income countries,735
freezepaymentstojunta oct25coup whatshappeninginmyanmar,728
19 current stats,728
covid 19 pill,726
shut due coronavirus,725
due coronavirus amp,725
coronavirus amp villages,724
amp villages phruso,724
karenni state shut,724
state shut due,724
suffering disease spreading,723
village eastern part,723
spreading refugee camps,723
disease spreading refugee,722
effective elementary school,722
whole village eastern,722
school children according,720
26 10 2021,720
safe effective elementary,718
eastern part demoso,717
nasser mohammed al,716
demoso tsp karenni,716
tsp karenni state,716
part demoso tsp,715
refugeesneedhelp helpmyanmaridps oct28coup,714
refugee camps refugees,714
imam nasser mohammed,713
vaccine kids 11,710
mohammed al yamani14,710
al yamani14 10,710
tsp suffering disease,709
phruso tsp suffering,709
neverdrinkanddrive adhere covid,709
children according fda,709
villages phruso tsp,709
mural piala kapolri,708
lomba mural piala,707
tplfsurrendernow sanctioniswrong unityforethiopia,701
democracyshallwin tplfsurrendernow sanctioniswrong,698
fully vaccinated covid,698
28 10 2021,696
generasi muda untuk,694
camps refugees whatshappeninginmyanmar,694
penularan covid 19,693
covid 19 list,689
refugees whatshappeninginmyanmar oct25coup,686
origins covid 19,685
million covid 19,685
fight covid 19,685
peran generasi muda,683
berkreasi dalam menyampaikan,679
yang bertemakan peran,679
piala kapolri yang,679
positif di masa,679
kapolri yang bertemakan,679
yang positif di,679
untuk berkreasi dalam,679
children 11 years,679
bertemakan peran generasi,679
muda untuk berkreasi,679
menggelar lomba mural,678
emergency use authorization,677
dalam menyampaikan informasi,677
informasi yang positif,677
menyampaikan informasi yang,676
polri menggelar lomba,675
people covid 19,675
covid 19 últimas,673
new york city,667
receive covid 19,667
covid 19 coronavirus,666
boris johnson coronavirus,666
covid 19 treatment,665
covid 19 pfizer,664
know covid 19,663
cumhurbaşkanlığı kabinesi tc_icisleri,662
covid 19 protocol,662
cases per 1k,659
effects covid 19,658
mayores 18 años,656
vaccine children aged,654
โคว ดว นน,651
local covid 19,648
got covid 19,647
19 vaccine young,646
detentionwatch migreurop asylumaccess,645
rescueorg rsf_inter uscri,643
covid 19 hospitalizations,643
migreurop asylumaccess gscdl,642
covid 19 dengan,642
icnarelief irc hiasrefugees,642
icrc_dc detentionwatch migreurop,639
idcmonitor icrc_dc detentionwatch,639
post covid 19,635
19 yang sudah,634
covid 19 may,633
deaths per 1k,632
received covid 19,631
response covid 19,630
mandatory covid 19,627
depuis mars 2020,626
covid cases county,625
nuevos casos positivos,625
pertahanankitadiskusipertahanan nirmiliterpembicara wamenhanherindra,625
11 years old,617
27 10 2021,615
flu covid 19,614
25 10 2021,593
fully vaccinated people,593
covid19aus covidvaccine covid19,593
covid19vic covid19aus covidvaccine,592
past 24 hours,592
auspol covid19vic covid19aus,591
us confirmed covid,590
covid deaths county,589
covidvaccine covid19 auspol2021,587
19 vaccines made,587
covid 19 origins,586
covid19 auspol2021 coviduk,586
mortes covid 19,585
auspol2021 coviduk covid19sa,584
formnirmiliterpandemidan pertahanankitadiskusipertahanan nirmiliterpembicara,584
recuerda vacunarte covid19,584
coviduk covid19sa covid19nsw,583
covid19sa covid19nsw covid19qld,582
covid19nsw covid19qld covid19wa,582
johnson coronavirus restrictions,581
kids covid 19,580
test positive covid,579
kemhan_ri formnirmiliterpandemidan pertahanankitadiskusipertahanan,578
covid 19 rules,578
covid19qld covid19wa covid19nt,577
12 15 year,575
administration covid 19,573
number covid 19,573
vaccines made available,572
covid 19 disease,571
covid19wa covid19nt covid19tas,569
administered 2021 10,569
kid size doses,569
vax administered 2021,567
covid19 vax administered,567
available people living,566
26oct etiqueta día,566
vaccinate whole world,564
income countries tell,564
living low income,564
countries tell leaders,563
made available people,563
people living low,563
per 100 000,563
low dose covid,563
yang sudah mulai,562
whole world endcovideverywhere,562
leaders adopt plan,562
cpi da covid,562
masyarakat dan pemerintah,562
adopt plan vaccinate,561
plan vaccinate whole,561
tell leaders adopt,560
sudah mulai berkurang,560
irresponsible covid 19,559
covid 19 vaccinated,559
covid 19 covid,558
aktif masyarakat dan,558
mulai berkurang karena,558
unjust irresponsible covid,558
peran aktif masyarakat,558
karena peran aktif,558
berkurang karena peran,558
history country boris,556
since covid 19,556
penanganan serta pengendalian,556
serta pengendalian covid,556
treatment covid 19,555
covid 19 symptoms,555
dan pemerintah sosialisasiedukasiprokescipta,555
pemerintah sosialisasiedukasiprokescipta kamtibmas,555
pace enough doses,553
day pace enough,553
covid 19 fully,553
proof covid 19,551
covid 19 guidelines,551
coronavirus disease 2019,551
da vacina covid,546
children covid 19,546
accurately described boris,545
doses pfizer covid,536
biden administration covid,534
fallecidos covid 19,533
active covid 19,533
remember neverdrinkanddrive adhere,530
covid 19 trying,529
currently homeless due,526
2019 covid 19,526
covid 19 positive,524
may never known,524
confirmed covid 19,523
please ask look,522
ask look daughters,522
look daughters campain,522
homeless due covid,522
covid 19 jab,521
juga membutuhkan kewaspadaan,521
would forever greatful,521
ethnicity ccp genocidegames,520
campain currently homeless,519
daughters campain currently,519
seulement procédures pénales,519
ou trop corrompus,518
trop corrompus pour,518
interdictions covid19 sont,518
et interdictions covid19,518
et citoyens idiots,518
immédiatement arrêter juristes,518
mesures prescriptions obligations,518
toutes mesures prescriptions,518
procédures pénales peuvent,518
faire et citoyens,518
comprendre ou trop,518
covid 19 aşısı,518
covid19 sont illégales,518
corrompus pour faire,518
2020 toutes mesures,518
trop ignorants pour,518
prescriptions obligations et,518
obligations et interdictions,518
juristes trop ignorants,518
mars 2020 toutes,518
peuvent immédiatement arrêter,518
pénales peuvent immédiatement,518
arrêter juristes trop,518
pour faire et,518
illégales mais seulement,518
sont illégales mais,518
pour comprendre ou,518
mais seulement procédures,518
ignorants pour comprendre,518
19 cases deaths,517
covid 19 impact,515
reported covid 19,514
29 10 2021,513
24 10 2021,511
covid 19 safety,511
covid 19 lockdown,511
pelaksanaan vaksinasi covid,511
19 últimas 24,510
vacunados covid 19,510
would rather lose,509
covid 19 exposure,508
coronavirus argentina casos,508
hospitalized covid 19,507
federal covid 19,507
following covid 19,507
covid 19 et,506
vaccination covid 19,506
bannon drlimengyan1 covid19,506
warcrimesofjunta oct29coup whatshappeninginmyanmar,505
advisers back pfizer,505
population fully vaccinated,504
covid 19 uk,503
000 covid 19,503
battle covid 19,502
country lord sumption,501
free country lord,501
menekan penyebaran covid,500
flexibilizaciónconscienterecuerda vacunarte covid19,500
rather lose jobs,498
gain function research,497
centers disease control,496
fda advisers back,496
anti covid 19,495
vaccine emergency use,494
humanitarian aid yet,494
affected community continues,494
aid yet access,494
dosis covid 19,493
covid cases per,493
climate fuelled locust,492
fuelled locust infestations,492
restricted g20summit g20actontigray,491
intentionally restricted g20summit,491
g20summit g20actontigray borisjohnson,491
19 trying get,490
trying get home,490
continues intentionally restricted,489
ans desperate need,489
yet access affected,489
access affected community,489
community continues intentionally,489
tigray ans desperate,489
desperate need humanitarian,489
need humanitarian aid,489
left millions tigray,488
millions tigray ans,488
2021 covid 19,487
anyway would forever,487
warontigray compounded climate,487
care workers speak,487
coronavirus left millions,487
19 ciptakondusifpandemiedukasi upayakan,486
covid 19 ciptakondusifpandemiedukasi,486
contribute anyway would,486
able contribute anyway,486
compounded climate fuelled,485
county 2021 10,484
locust infestations coronavirus,483
infestations coronavirus left,483
covid 19 jabs,483
inzidenz liegt bei,483
na covid 19,482
deaths covid 19,482
19 vaccines children,481
satgas covid 19,481
lord sumption former,480
lose jobs take,480
speak would rather,477
workers speak would,477
size doses pfizer,477
covid deaths per,476
covid 19 mandates,476
public health england,476
get home able,476
вакцинации от covid,475
jobs take covid,474
di indonesia dengan,473
idp camp parkahtaung,473
patients covid 19,473
home able contribute,473
forever greatful thank,473
dose da vacina,472
covid 19 still,472
covid 19 país,472
terus melakukan upaya,472
miss great experience,472
instances covid 19,471
pemerintah terus melakukan,471
mancanegara ke indonesia,471
kunjungan wisatawan mancanegara,471
wisatawan mancanegara ke,471
dies covid 19,471
terkait kunjungan wisatawan,471
dalam menekan penyebaran,471
menerapkan terkait kunjungan,469
surge covid 19,469
indonesia dengan menerapkan,469
covid 19 discovered,469
upaya dalam menekan,468
dosis vacuna covid19,468
dengan menerapkan terkait,468
melakukan upaya dalam,468
ng covid 19,467
nuevos covid 19,467
state 183 instances,467
discovered including deaths,467
covid 19 surge,467
without humanitarian supplies,467
gemeldet die inzidenz,466
kachin state 183,466
least one dose,466
disease control prevention,464
within 28 days,464
covid 19 killed,464
die inzidenz liegt,463
yamani14 10 2021,463
humanitarian supplies months,461
camp parkahtaung kachin,461
refugees without humanitarian,461
deaths camp refugees,461
183 instances covid,461
19 discovered including,461
camp refugees without,461
including deaths camp,461
新型コロナ 新型コロナウイルス covid19,460
covid 19 menores,460
parkahtaung kachin state,460
indonesia sosialisasiedukasiprokescipta kamtibmas,459
covid 19 través,459
covid 19 variant,458
うちで過ごそう 感染時に備えよう 戦う相手は人ではなくウイルス,457
ke indonesia sosialisasiedukasiprokescipta,457
新型コロナウイルス covid19 うちで過ごそう,457
新型肺炎 コロナ 新型コロナ,457
covid19 うちで過ごそう 感染時に備えよう,457
コロナ 新型コロナ 新型コロナウイルス,457
nuevos contagios covid,456
covid 19 brasil,456
tc_icisleri cumhurbaşkanlığı kabinesi,456
complete project chapter,455
materialsget complete project,455
cagrihizmetmznn tc_icisleri cumhurbaşkanlığı,455
19 delta variant,455
supplies months warcrimesofjunta,454
world health organization,453
covid 19 spread,453
casos nuevos covid,453
emergency use children,451
случаев covid 19,451
help fight covid19,450
covid 19 patient,449
covid 19 boosters,449
30 10 2021,447
the covid 19,447
hawassa industrial park,446
на covid 19,446
greatful thank you,445
vaccine young children,444
114 million tplfiswarcriminal,443
foreignpolicy hawassa industrial,443
usa must help,443
project topics materialsget,443
ethiopia usa must,443
park protective equipment,443
face masks worth,443
industrial park protective,443
topics materialsget complete,443
pasien covid 19,442
agoa means facemasks,442
epidemic foreignpolicy hawassa,442
refusing covid 19,441
worth 114 million,441
mhp tbmm grup,441
president joe biden,441
make covid 19,440
covid 19 hospital,440
covid19 epidemic foreignpolicy,440
months warcrimesofjunta oct29coup,440
million tplfiswarcriminal democracyshallwin,440
means facemasks ethiopia,439
supply local export,439
facemasks ethiopia usa,439
protective equipment supply,439
masks worth 114,439
export markets face,439
equipment supply local,439
markets face masks,439
must help fight,439
local export markets,439
tuskeroktobafest2021 still weekend,439
new york times,436
oktober 2021 wurden,435
fight covid19 epidemic,435
covid 19 measures,434
variante delta plus,431
covid 19 recovery,431
15 year olds,431
mrna covid 19,430
novos casos covid,430
nuevos casos covid19,429
19 vaccine emergency,429
us covid deaths,428
country boris tyrant,426
karol govrondesantis nypost,424
genocidegames bannon drlimengyan1,423
china covid 19,422
antidepressant shows promise,421
covid 19 na,421
warning covid 19,421
covid 19 could,420
long term effects,420
fourth covid 19,420
covid 19 china,418
ongoing covid 19,418
protection covid 19,418
19 niños 11,415
fda paves way,414
19 covid 19,413
government covid 19,413
cases 24 hours,412
paves way pfizer,412
covid 19 kepada,412
covid 19 health,411
dosis vacuna coronavirus,411
gt gt gt,411
way pfizer covid,410
people died covid,410
infected covid 19,409
ola covid 19,408
day covid growth,408
7d us confirmed,408
sue biden administration,407
covid 19 numbers,406
19 cases 24,406
covid 19 hospitalization,405
19 vaccinations young,405
supreme court judge,403
covid 19 live,402
11 years age,402
disease 2019 covid,401
ugandaisbleeding ugmoving4wd educug,401
gov ron desantis,399
day us covid,399
28 days positive,398
states sue biden,398
000 25 years,397
100 000 25,397
long term care,397
get vaccinated covid,395
di akhir tahun,395
access covid 19,394
25 oktober 2021,394
vaccinations young kids,394
international covid 19,394
โคว ด19 โคว,394
former senior judge,393
flexibilizaciónconsciente ceofanb patriaunidavictoriosa,392
us covid 19,392
growth 7d us,392
covid 19 likely,391
contagio covid 19,391
covid 19 global,391
americans died covid19,389
menores 12 17,389
war covid19 inflation,389
case covid 19,388
rate covid 19,388
vacunarse covid 19,388
million war covid19,388
eligible covid 19,387
vaccine kids ages,387
devastating impact makes,387
sense stop war,387
stop war disarming,387
shows promise treating,386
covid 19 prevention,386
lot sense stop,386
war disarming tplfterroristgroup,386
moderna says covid,386
110 million war,386
covid 19 за,385
tplfterroristgroup democracyshallwin tplfsurrendernow,385
19 di akhir,385
menerima vaksin covid,384
ethiopia country 110,384
country 110 million,384
disarming tplfterroristgroup democracyshallwin,384
makes sense lot,384
climate change devastating,383
change devastating impact,383
us intelligence agencies,382
impact makes sense,382
vaccine mandate federal,382
sense lot sense,381
inflation climate change,381
covid19 inflation climate,381
kyletaylor kyletaylor kyletaylor,378
fda advisory panel,377
official uk government,377
asylumaccess gscdl icnarelief,376
19 vaccine dose,376
cases per capita,376
uscri humanrights1st refugeesintl,374
health england phe,374
kasus positif covid,374
covid 19 nedeniyle,374
hiasrefugees rescueorg rsf_inter,374
of covid 19,373
covid 19 long,373
nuevos contagios coronavirus,373
covid 19 ini,373
2021 10 25,373
rsf_inter uscri humanrights1st,373
leading cause death,372
19 fully vaxxed,372
testing covid 19,372
uk government figures,372
source public health,372
gscdl icnarelief irc,372
irc hiasrefugees rescueorg,372
humanrights1st refugeesintl evacuterefugeesfromlibya,372
refugeesintl evacuterefugeesfromlibya covid19,371
related covid 19,371
aumento casos covid,371
people fully vaccinated,371
test covid 19,370
johnson covid 19,370
18 29 años,369
cases new deaths,369
global covid 19,369
70 die covid,369
government figures 70,368
figures 70 die,368
vaxxed source public,368
lucha covid 19,368
fully vaxxed source,368
get official uk,368
covid 19 covid19,368
lowest covid 19,366
moderna johnson amp,366
days positive test,365
people tested positive,365
evacuterefugeesfromlibya covid19 mentalhealth,364
news covid 19,363
dying covid 19,362
au covid 19,361
trick or treating,360
โคว ด19 covid19,359
promise treating early,359
від covid 19,358
28 oktober 2021,358
gain of function,358
deaths last 24,357
treating early covid,356
26oct toma nota,356
19 vaccines kids,356
toma nota flexibilizaciónconsciente,355
sumption former uk,354
rapid covid 19,354
new cases covid19,354
uk supreme court,354
etiqueta día flexibilizaciónconscienterecuerda,354
día flexibilizaciónconscienterecuerda vacunarte,354
former uk supreme,354
حالة وفاة جديدة,354
caso covid 19,354
spirited thing despotic,353
thing despotic laws,353
ceased free country,353
despotic laws like,353
sometimes public spirited,353
public spirited thing,353
laws like ignore,353
cas covid 19,353
vaccine young kids,352
level covid 19,352
neuinfektionen und todesfälle,352
approved covid 19,351
2021 10 29,350
give covid 19,350
cheap antidepressant shows,350
vaccine doses administered,350
wave covid 19,349
coronavirus sars cov,349
19 statisticsupdated oct,348
students missing wuhan,348
fauci human experiments,348
missing wuhan china,348
funded fauci human,348
china secretly sent,348
p4 virus laboratory,348
virus laboratory funded,348
wuhan p4 virus,348
sent wuhan p4,348
covid 19 statisticsupdated,348
secretly sent wuhan,348
wuhan china secretly,348
laboratory funded fauci,348
dozens college students,348
college students missing,348
covid 19 aids,347
experience remember neverdrinkanddrive,347
county covid 19,346
24 oktober 2021,346
fresh covid 19,346
vaccine booster shot,345
حالة جديدة وتسجيل,345
endorsed kid size,345
covid 19 outbreaks,343
enturostrolahistoria pueblounidoinvencible fanbescudobolivariano2021,343
covid 19 méxico,343
men hockey league,343
implementing ivermectin protocol,342
covid19 covid_19 sarscov2,342
monitoring pelaksanaan vaksinasi,341
против covid 19,340
death covid 19,340
october 26 2021,340
biden covid 19,340
rising covid 19,338
new international covid,338
24 hours implementing,338
hours implementing ivermectin,338
covid 19 new,337
beast dont take,337
mark beast dont,337
like covid 19,337
dont take jab,337
covid 19 last,336
disease covid 19,336
covid 19 sweeps,336
ketiga covid 19,336
uttar pradesh india,335
pfizer niños 11,335
pret covid 19,335
ليصبح إجمالي عدد,334
covid 19 since,334
إجمالي عدد الحالات,334
gelombang ketiga covid,333
sars cov infection,333
gegen covid 19,333
pacientes covid 19,333
experiments conducting research,333
human experiments conducting,333
conducting research development,333
great experience remember,332
menores 11 años,331
19 travel requirements,331
amp johnson covid,330
19 cases reported,330
covid 19 venezuela,329
says tested positive,329
vaccine booster shots,329
عدد الحالات 412,329
financial situation relationship,329
30 oktober 2021,328
covid 19 saat,328
brote covid 19,328
data 2021 10,327
highest covid 19,327
mandate federal contractors,326
download app read,326
covid 19 vía,325
covid 19 flu,325
general peace mind,323
relationship general peace,323
virus affected financial,323
situation relationship general,323
corona virus affected,323
back pfizer covid,323
affected financial situation,323
武漢 covid19 武漢,322
state covid 19,322
dr anthony fauci,322
covid 19 ليصبح,322
19 ليصبح إجمالي,322
baru covid 19,321
new covid cases,321
pandémie covid 19,321
covid19 武漢 covid19,321
أي حالة وفاة,320
της covid 19,320
عن تأكيد إصابة,320
vaccinations children ages,319
تسجل أي حالة,319
year covid 19,319
transmit covid 19,318
current covid 19,318
case fatality rate,318
shot covid 19,318
exemptions covid 19,317
october 25 2021,316
florida covid 19,316
historian former senior,316
covid 19 risk,315
contracting covid 19,315
ultime 24 ore,315
children get covid,315
15 deaths worldwide,314
live covid 19,314
covid19 15 deaths,314
died covid19 15,314
information covid 19,313
new cases new,313
mit dem coronavirus,312
given covid 19,312
لم تسجل أي,311
حالة شفاء لم,311
شفاء لم تسجل,311
19 vaccine via,311
new local covid,311
intelligence agencies say,311
ワクチン接種会場 2021 10,310
stop covid 19,310
van covid 19,309
covid 19 vax,309
covid19 democracyshallwin tplfsurrendernow,308
covid 19 transmission,308
approval covid 19,308
cnbcafrica bbgafrica the_eastafrican,308
citizentvkenya dailysunsa cnbcafrica,308
allafrica citizentvkenya dailysunsa,308
dailysunsa cnbcafrica bbgafrica,308
use children 11,308
responsible drinking via,307
unityforethiopia allafrica citizentvkenya,307
sumption historian former,307
sanctioniswrong unityforethiopia allafrica,307
new cases reported,307
lord sumption historian,307
